{
	"_version": "1.1.0",
	"resources": [
		{
			"name": ".theming",
			"theme": "sap_belize_plus"
		},
		{
			"name": "Calendar.less",
			"designtime": true,
			"theme": "sap_belize_plus"
		},
		{
			"name": "CalendarLegend.less",
			"designtime": true,
			"theme": "sap_belize_plus"
		},
		{
			"name": "CalendarRow.less",
			"designtime": true,
			"theme": "sap_belize_plus"
		},
		{
			"name": "library-RTL-dbg.css",
			"isDebug": true,
			"theme": "sap_belize_plus"
		},
		{
			"name": "library-RTL.css",
			"theme": "sap_belize_plus"
		},
		{
			"name": "library-dbg.css",
			"isDebug": true,
			"theme": "sap_belize_plus"
		},
		{
			"name": "library-parameters.json",
			"theme": "sap_belize_plus"
		},
		{
			"name": "library.css",
			"theme": "sap_belize_plus"
		},
		{
			"name": "library.less",
			"designtime": true,
			"theme": "sap_belize_plus"
		},
		{
			"name": "library.source.less",
			"designtime": true,
			"theme": "sap_belize_plus"
		}
	]
}