{"_sap_ui_unified_ColorPicker_CircleSize":"8px","_sap_ui_unified_Menu_ItmHeight":"2rem","_sap_ui_unified_Menu_ItmPadding":"0.5rem","_sap_ui_unified_Menu_ItmHeightCozy":"3rem","_sap_ui_unified_Menu_ItmPaddingCozy":"1rem","_sap_ui_unified_ShellHeader_CenterAnimDuration":"200ms","_sap_ui_unified_ShellHeader_CenterAnimDelay":"30ms","_sap_ui_unified_ShellHeader_ButtonOuterSpace":"4px","_sap_ui_unified_ShellHeader_ButtonInnerSpace":"9px","_sap_ui_unified_ShellHeader_ButtonOutlineWidth":"1px","_sap_ui_unified_ShellHeader_ButtonSeparatorWidth":"1px","_sap_ui_unified_ShellHeader_ButtonBorderRadius":"6px","_sap_ui_unified_ShellHeader_BrandHeight":"4px","_sap_ui_unified_ShellHeader_HeaderBarHeight":"44px","_sap_ui_unified_ShellHeader_ButtonHeight":"40px","_sap_ui_unified_ShellHeader_AnimDuration":"500ms","_sap_ui_unified_ShellLayout_BrandHeight":"4px","_sap_ui_unified_ShellLayout_HeaderBarHeight":"44px","_sap_ui_unified_ShellLayout_HeadHeight":"48px","_sap_ui_unified_ShellLayout_AnimDuration":"500ms","_sap_ui_unified_ShellOverlay_AnimDuration":"525ms","_sap_ui_unified_ShellOverlay_CntntOpenAnimDuration":"350ms","_sap_ui_unified_ShellOverlay_CntntOpenAnimDelay":"75ms","_sap_ui_unified_ShellOverlay_CntntCloseAnimDuration":"350ms","_sap_ui_unified_ShellOverlay_CntntInnerOpenAnimDuration":"175ms","_sap_ui_unified_ShellOverlay_CntntInnerOpenAnimDelay":"308.33333333333337ms","_sap_ui_unified_ShellOverlay_CntntInnerCloseAnimDuration":"175ms","_sap_ui_unified_ShellOverlay_CntntInnerCloseAnimDelay":"0","_sap_ui_unified_ShellOverlay_CntntCloseAnimDelay":"175ms","_sap_ui_unified_ShellOverlay_SearchOpenAnimDuration":"525ms","_sap_ui_unified_ShellOverlay_SearchCloseAnimDuration":"525ms","_sap_ui_unified_ShellOverlay_BlockLayerAnimDuration":"210ms","_sap_ui_unified_ShellOverlay_OpenAnimOverAll":"483.33333333333337ms","_sap_ui_unified_ShellOverlay_CloseAnimOverAll":"525ms","_sap_ui_unified_ShellOverlay_HeaderBarHeight":"44px","_sap_ui_unified_ShellOverlay_BrandHeight":"4px","_sap_ui_unified_ShellOverlay_HeadHeight":"48px","_sap_ui_unified_SplitContainer_AnimationDuration":"500ms","_sap_ui_unified_ShellHeader_ButtonBorderWidth":"1px"}