{
	"_version": "1.1.0",
	"resources": [
		{
			"name": ".theming",
			"theme": "sap_belize_hcb"
		},
		{
			"name": "Calendar.less",
			"designtime": true,
			"theme": "sap_belize_hcb"
		},
		{
			"name": "CalendarLegend.less",
			"designtime": true,
			"theme": "sap_belize_hcb"
		},
		{
			"name": "CalendarRow.less",
			"designtime": true,
			"theme": "sap_belize_hcb"
		},
		{
			"name": "ColorPicker.less",
			"designtime": true,
			"theme": "sap_belize_hcb"
		},
		{
			"name": "Currency.less",
			"designtime": true,
			"theme": "sap_belize_hcb"
		},
		{
			"name": "Menu.less",
			"designtime": true,
			"theme": "sap_belize_hcb"
		},
		{
			"name": "ShellHeader.less",
			"designtime": true,
			"theme": "sap_belize_hcb"
		},
		{
			"name": "ShellLayout.less",
			"designtime": true,
			"theme": "sap_belize_hcb"
		},
		{
			"name": "ShellOverlay.less",
			"designtime": true,
			"theme": "sap_belize_hcb"
		},
		{
			"name": "library-RTL-dbg.css",
			"isDebug": true,
			"theme": "sap_belize_hcb"
		},
		{
			"name": "library-RTL.css",
			"theme": "sap_belize_hcb"
		},
		{
			"name": "library-dbg.css",
			"isDebug": true,
			"theme": "sap_belize_hcb"
		},
		{
			"name": "library-parameters.json",
			"theme": "sap_belize_hcb"
		},
		{
			"name": "library.css",
			"theme": "sap_belize_hcb"
		},
		{
			"name": "library.less",
			"designtime": true,
			"theme": "sap_belize_hcb"
		},
		{
			"name": "library.source.less",
			"designtime": true,
			"theme": "sap_belize_hcb"
		}
	]
}