{
	"_version": "1.1.0",
	"resources": [
		{
			"name": ".theming",
			"theme": "sap_belize_hcw"
		},
		{
			"name": "ActionListItem.less",
			"designtime": true,
			"theme": "sap_belize_hcw"
		},
		{
			"name": "ActionSelect.less",
			"designtime": true,
			"theme": "sap_belize_hcw"
		},
		{
			"name": "Breadcrumbs.less",
			"designtime": true,
			"theme": "sap_belize_hcw"
		},
		{
			"name": "BrowserScrollbar.less",
			"designtime": true,
			"theme": "sap_belize_hcw"
		},
		{
			"name": "Button.less",
			"designtime": true,
			"theme": "sap_belize_hcw"
		},
		{
			"name": "Carousel.less",
			"designtime": true,
			"theme": "sap_belize_hcw"
		},
		{
			"name": "CheckBox.less",
			"designtime": true,
			"theme": "sap_belize_hcw"
		},
		{
			"name": "ColorPalette.less",
			"designtime": true,
			"theme": "sap_belize_hcw"
		},
		{
			"name": "ComboBoxBase.less",
			"designtime": true,
			"theme": "sap_belize_hcw"
		},
		{
			"name": "ComboBoxTextField.less",
			"designtime": true,
			"theme": "sap_belize_hcw"
		},
		{
			"name": "CustomTile.less",
			"designtime": true,
			"theme": "sap_belize_hcw"
		},
		{
			"name": "DateRangeSelection.less",
			"designtime": true,
			"theme": "sap_belize_hcw"
		},
		{
			"name": "DateTimePicker.less",
			"designtime": true,
			"theme": "sap_belize_hcw"
		},
		{
			"name": "Dialog.less",
			"designtime": true,
			"theme": "sap_belize_hcw"
		},
		{
			"name": "FeedInput.less",
			"designtime": true,
			"theme": "sap_belize_hcw"
		},
		{
			"name": "FeedListItem.less",
			"designtime": true,
			"theme": "sap_belize_hcw"
		},
		{
			"name": "GenericTile.less",
			"designtime": true,
			"theme": "sap_belize_hcw"
		},
		{
			"name": "HeaderContainer.less",
			"designtime": true,
			"theme": "sap_belize_hcw"
		},
		{
			"name": "IconTabBar.less",
			"designtime": true,
			"theme": "sap_belize_hcw"
		},
		{
			"name": "Image.less",
			"designtime": true,
			"theme": "sap_belize_hcw"
		},
		{
			"name": "Input.less",
			"designtime": true,
			"theme": "sap_belize_hcw"
		},
		{
			"name": "InputBase.less",
			"designtime": true,
			"theme": "sap_belize_hcw"
		},
		{
			"name": "LightBox.less",
			"designtime": true,
			"theme": "sap_belize_hcw"
		},
		{
			"name": "Link.less",
			"designtime": true,
			"theme": "sap_belize_hcw"
		},
		{
			"name": "ListBase.less",
			"designtime": true,
			"theme": "sap_belize_hcw"
		},
		{
			"name": "ListItemBase.less",
			"designtime": true,
			"theme": "sap_belize_hcw"
		},
		{
			"name": "Menu.less",
			"designtime": true,
			"theme": "sap_belize_hcw"
		},
		{
			"name": "MenuListItem.less",
			"designtime": true,
			"theme": "sap_belize_hcw"
		},
		{
			"name": "MessageStrip.less",
			"designtime": true,
			"theme": "sap_belize_hcw"
		},
		{
			"name": "MessageView.less",
			"designtime": true,
			"theme": "sap_belize_hcw"
		},
		{
			"name": "MultiComboBox.less",
			"designtime": true,
			"theme": "sap_belize_hcw"
		},
		{
			"name": "MultiInput.less",
			"designtime": true,
			"theme": "sap_belize_hcw"
		},
		{
			"name": "NewsContent.less",
			"designtime": true,
			"theme": "sap_belize_hcw"
		},
		{
			"name": "NotificationListGroup.less",
			"designtime": true,
			"theme": "sap_belize_hcw"
		},
		{
			"name": "NotificationListItem.less",
			"designtime": true,
			"theme": "sap_belize_hcw"
		},
		{
			"name": "ObjectAttribute.less",
			"designtime": true,
			"theme": "sap_belize_hcw"
		},
		{
			"name": "ObjectHeader.less",
			"designtime": true,
			"theme": "sap_belize_hcw"
		},
		{
			"name": "ObjectIdentifier.less",
			"designtime": true,
			"theme": "sap_belize_hcw"
		},
		{
			"name": "ObjectListItem.less",
			"designtime": true,
			"theme": "sap_belize_hcw"
		},
		{
			"name": "ObjectStatus.less",
			"designtime": true,
			"theme": "sap_belize_hcw"
		},
		{
			"name": "OverflowToolbarAssociativePopover.less",
			"designtime": true,
			"theme": "sap_belize_hcw"
		},
		{
			"name": "Page.less",
			"designtime": true,
			"theme": "sap_belize_hcw"
		},
		{
			"name": "Panel.less",
			"designtime": true,
			"theme": "sap_belize_hcw"
		},
		{
			"name": "Popover.less",
			"designtime": true,
			"theme": "sap_belize_hcw"
		},
		{
			"name": "ProgressIndicator.less",
			"designtime": true,
			"theme": "sap_belize_hcw"
		},
		{
			"name": "PullToRefresh.less",
			"designtime": true,
			"theme": "sap_belize_hcw"
		},
		{
			"name": "QuickView.less",
			"designtime": true,
			"theme": "sap_belize_hcw"
		},
		{
			"name": "RadioButton.less",
			"designtime": true,
			"theme": "sap_belize_hcw"
		},
		{
			"name": "RangeSlider.less",
			"designtime": true,
			"theme": "sap_belize_hcw"
		},
		{
			"name": "RatingIndicator.less",
			"designtime": true,
			"theme": "sap_belize_hcw"
		},
		{
			"name": "ResponsivePopover.less",
			"designtime": true,
			"theme": "sap_belize_hcw"
		},
		{
			"name": "SearchField.less",
			"designtime": true,
			"theme": "sap_belize_hcw"
		},
		{
			"name": "SegmentedButton.less",
			"designtime": true,
			"theme": "sap_belize_hcw"
		},
		{
			"name": "Select.less",
			"designtime": true,
			"theme": "sap_belize_hcw"
		},
		{
			"name": "SelectList.less",
			"designtime": true,
			"theme": "sap_belize_hcw"
		},
		{
			"name": "Shell.less",
			"designtime": true,
			"theme": "sap_belize_hcw"
		},
		{
			"name": "SlideTile.less",
			"designtime": true,
			"theme": "sap_belize_hcw"
		},
		{
			"name": "Slider.less",
			"designtime": true,
			"theme": "sap_belize_hcw"
		},
		{
			"name": "SliderTooltip.less",
			"designtime": true,
			"theme": "sap_belize_hcw"
		},
		{
			"name": "SplitButton.less",
			"designtime": true,
			"theme": "sap_belize_hcw"
		},
		{
			"name": "SplitContainer.less",
			"designtime": true,
			"theme": "sap_belize_hcw"
		},
		{
			"name": "StandardListItem.less",
			"designtime": true,
			"theme": "sap_belize_hcw"
		},
		{
			"name": "Switch.less",
			"designtime": true,
			"theme": "sap_belize_hcw"
		},
		{
			"name": "TabContainer.less",
			"designtime": true,
			"theme": "sap_belize_hcw"
		},
		{
			"name": "TabStrip.less",
			"designtime": true,
			"theme": "sap_belize_hcw"
		},
		{
			"name": "Table.less",
			"designtime": true,
			"theme": "sap_belize_hcw"
		},
		{
			"name": "Text.less",
			"designtime": true,
			"theme": "sap_belize_hcw"
		},
		{
			"name": "Tile.less",
			"designtime": true,
			"theme": "sap_belize_hcw"
		},
		{
			"name": "TileContainer.less",
			"designtime": true,
			"theme": "sap_belize_hcw"
		},
		{
			"name": "TileContent.less",
			"designtime": true,
			"theme": "sap_belize_hcw"
		},
		{
			"name": "TimePicker.less",
			"designtime": true,
			"theme": "sap_belize_hcw"
		},
		{
			"name": "TimePickerSliders.less",
			"designtime": true,
			"theme": "sap_belize_hcw"
		},
		{
			"name": "ToggleButton.less",
			"designtime": true,
			"theme": "sap_belize_hcw"
		},
		{
			"name": "Token.less",
			"designtime": true,
			"theme": "sap_belize_hcw"
		},
		{
			"name": "Tokenizer.less",
			"designtime": true,
			"theme": "sap_belize_hcw"
		},
		{
			"name": "Toolbar.less",
			"designtime": true,
			"theme": "sap_belize_hcw"
		},
		{
			"name": "ToolbarSeparator.less",
			"designtime": true,
			"theme": "sap_belize_hcw"
		},
		{
			"name": "UploadCollection.less",
			"designtime": true,
			"theme": "sap_belize_hcw"
		},
		{
			"name": "ValueStateMessage.less",
			"designtime": true,
			"theme": "sap_belize_hcw"
		},
		{
			"name": "ViewSettingsDialog.less",
			"designtime": true,
			"theme": "sap_belize_hcw"
		},
		{
			"name": "WizardProgressNavigator.less",
			"designtime": true,
			"theme": "sap_belize_hcw"
		},
		{
			"name": "library-RTL-dbg.css",
			"isDebug": true,
			"theme": "sap_belize_hcw"
		},
		{
			"name": "library-RTL.css",
			"theme": "sap_belize_hcw"
		},
		{
			"name": "library-dbg.css",
			"isDebug": true,
			"theme": "sap_belize_hcw"
		},
		{
			"name": "library-parameters.json",
			"theme": "sap_belize_hcw"
		},
		{
			"name": "library.css",
			"theme": "sap_belize_hcw"
		},
		{
			"name": "library.less",
			"designtime": true,
			"theme": "sap_belize_hcw"
		},
		{
			"name": "library.source.less",
			"designtime": true,
			"theme": "sap_belize_hcw"
		},
		{
			"name": "shared.less",
			"designtime": true,
			"theme": "sap_belize_hcw"
		}
	]
}