{"_sap_ui_layout_Form_FormContainerExpImageURL":"url(\"sap-icon://expand-group\")","_sap_ui_layout_Form_FormContainerColImageURL":"url(\"sap-icon://collapse-group\")","_sap_ui_layout_FormLayout_FormTitleSize":"H4","_sap_ui_layout_FormLayout_FormSubTitleSize":"H5","_sap_ui_layout_Grid_RespGridCols":"12","_sap_ui_layout_Grid_RespGridCols-1":"11","_sap_ui_layout_Grid_RespGridOneCol":"8.333333333333334%","_sap_ui_layout_Grid_RespGridMediaPhone":"sapUiRespGridMedia-Std-Phone","_sap_ui_layout_Grid_RespGridMediaTablet":"sapUiRespGridMedia-Std-Tablet","_sap_ui_layout_Grid_RespGridMediaDesktop":"sapUiRespGridMedia-Std-Desktop","_sap_ui_layout_Grid_RespGridMediaXL":"sapUiRespGridMedia-Std-LargeDesktop","_sap_ui_layout_Grid_RespGridMediaPhoneSize":"320px","_sap_ui_layout_Grid_RespGridMediaTabletSize":"600px","_sap_ui_layout_Grid_RespGridMediaDesktopSize":"1024px","_sap_ui_layout_Grid_RespGridMediaXLSize":"1440px","_sap_ui_layout_Grid_RespGridPxInRem":"16","_sap_ui_layout_Grid_RespGridVisible":"sapUiRespGridVisible","_sap_ui_layout_Grid_RespGridHidden":"sapUiRespGridHidden","_sap_ui_layout_BlockLayoutCell_background":"transparent"}