{"default":{"_sap_tnt_ToolPage_AsideWidth":"15rem","_sap_tnt_ToolPage_AsideWidthOnTablet":"3rem","_sap_tnt_ToolPage_HeaderHeight":"3rem","_sap_tnt_ToolPage_FooterHeight":"3rem","_sap_tnt_ToolPage_CompactAsideWidth":"15rem","_sap_tnt_ToolPage_CompactAsideWidthOnTablet":"3rem","_sap_tnt_ToolPage_CompactHeaderHeight":"3rem","_sap_tnt_ToolPage_CompactFooterHeight":"2rem","_sap_tnt_ToolPage_AnimationDuration":"0.3s","sapTntInfoLabelBackgroundColor1":"#ffb200","sapTntInfoLabelBackgroundColor2":"#fe995b","sapTntInfoLabelBackgroundColor3":"#c14646","sapTntInfoLabelBackgroundColor4":"#ab218e","sapTntInfoLabelBackgroundColor5":"#4974bc","sapTntInfoLabelBackgroundColor6":"#007db2","sapTntInfoLabelBackgroundColor7":"#168282","sapTntInfoLabelBackgroundColor8":"#68831d","sapTntInfoLabelBackgroundColor9":"#666666","sapTntInfoLabelColorsArray":"#ffb200, #fe995b, #c14646, #ab218e, #4974bc, #007db2, #168282, #68831d, #666666","value":"#666666"},"scopes":{"sapContrast":{"sapTntInfoLabelBackgroundColor1":"#ffb914","sapTntInfoLabelBackgroundColor2":"#ff995a","sapTntInfoLabelBackgroundColor3":"#ff7878","sapTntInfoLabelBackgroundColor4":"#f283da","sapTntInfoLabelBackgroundColor5":"#93b5ed","sapTntInfoLabelBackgroundColor6":"#19baff","sapTntInfoLabelBackgroundColor7":"#23cccc","sapTntInfoLabelBackgroundColor8":"#a9d432","sapTntInfoLabelBackgroundColor9":"#bbbaba","sapTntInfoLabelColorsArray":"#ffb914, #ff995a, #ff7878, #f283da, #93b5ed, #19baff, #23cccc, #a9d432, #bbbaba","value":"#bbbaba"}}}