{
	"_version": "1.1.0",
	"resources": [
		{
			"name": ".theming",
			"theme": "sap_belize"
		},
		{
			"name": "ActionListItem.less",
			"designtime": true,
			"theme": "sap_belize"
		},
		{
			"name": "ActionSelect.less",
			"designtime": true,
			"theme": "sap_belize"
		},
		{
			"name": "Bar.less",
			"designtime": true,
			"theme": "sap_belize"
		},
		{
			"name": "Breadcrumbs.less",
			"designtime": true,
			"theme": "sap_belize"
		},
		{
			"name": "BusyIndicator.less",
			"designtime": true,
			"theme": "sap_belize"
		},
		{
			"name": "Button.less",
			"designtime": true,
			"theme": "sap_belize"
		},
		{
			"name": "Carousel.less",
			"designtime": true,
			"theme": "sap_belize"
		},
		{
			"name": "CheckBox.less",
			"designtime": true,
			"theme": "sap_belize"
		},
		{
			"name": "ColorPalette.less",
			"designtime": true,
			"theme": "sap_belize"
		},
		{
			"name": "ComboBoxBase.less",
			"designtime": true,
			"theme": "sap_belize"
		},
		{
			"name": "ComboBoxTextField.less",
			"designtime": true,
			"theme": "sap_belize"
		},
		{
			"name": "CustomTile.less",
			"designtime": true,
			"theme": "sap_belize"
		},
		{
			"name": "Dialog.less",
			"designtime": true,
			"theme": "sap_belize"
		},
		{
			"name": "FeedInput.less",
			"designtime": true,
			"theme": "sap_belize"
		},
		{
			"name": "FlexBox.less",
			"designtime": true,
			"theme": "sap_belize"
		},
		{
			"name": "GenericTile.less",
			"designtime": true,
			"theme": "sap_belize"
		},
		{
			"name": "HeaderContainer.less",
			"designtime": true,
			"theme": "sap_belize"
		},
		{
			"name": "IconTabBar.less",
			"designtime": true,
			"theme": "sap_belize"
		},
		{
			"name": "Image.less",
			"designtime": true,
			"theme": "sap_belize"
		},
		{
			"name": "Input.less",
			"designtime": true,
			"theme": "sap_belize"
		},
		{
			"name": "InputBase.less",
			"designtime": true,
			"theme": "sap_belize"
		},
		{
			"name": "Label.less",
			"designtime": true,
			"theme": "sap_belize"
		},
		{
			"name": "LightBox.less",
			"designtime": true,
			"theme": "sap_belize"
		},
		{
			"name": "Link.less",
			"designtime": true,
			"theme": "sap_belize"
		},
		{
			"name": "ListBase.less",
			"designtime": true,
			"theme": "sap_belize"
		},
		{
			"name": "ListItemBase.less",
			"designtime": true,
			"theme": "sap_belize"
		},
		{
			"name": "MessagePage.less",
			"designtime": true,
			"theme": "sap_belize"
		},
		{
			"name": "MessagePopover.less",
			"designtime": true,
			"theme": "sap_belize"
		},
		{
			"name": "MessageStrip.less",
			"designtime": true,
			"theme": "sap_belize"
		},
		{
			"name": "MessageView.less",
			"designtime": true,
			"theme": "sap_belize"
		},
		{
			"name": "MultiInput.less",
			"designtime": true,
			"theme": "sap_belize"
		},
		{
			"name": "NewsContent.less",
			"designtime": true,
			"theme": "sap_belize"
		},
		{
			"name": "NotificationListBase.less",
			"designtime": true,
			"theme": "sap_belize"
		},
		{
			"name": "NotificationListGroup.less",
			"designtime": true,
			"theme": "sap_belize"
		},
		{
			"name": "NotificationListItem.less",
			"designtime": true,
			"theme": "sap_belize"
		},
		{
			"name": "ObjectAttribute.less",
			"designtime": true,
			"theme": "sap_belize"
		},
		{
			"name": "ObjectHeader.less",
			"designtime": true,
			"theme": "sap_belize"
		},
		{
			"name": "ObjectMarker.less",
			"designtime": true,
			"theme": "sap_belize"
		},
		{
			"name": "ObjectNumber.less",
			"designtime": true,
			"theme": "sap_belize"
		},
		{
			"name": "ObjectStatus.less",
			"designtime": true,
			"theme": "sap_belize"
		},
		{
			"name": "OverflowToolbarAssociativePopover.less",
			"designtime": true,
			"theme": "sap_belize"
		},
		{
			"name": "Page.less",
			"designtime": true,
			"theme": "sap_belize"
		},
		{
			"name": "Panel.less",
			"designtime": true,
			"theme": "sap_belize"
		},
		{
			"name": "PlanningCalendar.less",
			"designtime": true,
			"theme": "sap_belize"
		},
		{
			"name": "ProgressIndicator.less",
			"designtime": true,
			"theme": "sap_belize"
		},
		{
			"name": "PullToRefresh.less",
			"designtime": true,
			"theme": "sap_belize"
		},
		{
			"name": "QuickView.less",
			"designtime": true,
			"theme": "sap_belize"
		},
		{
			"name": "RadioButton.less",
			"designtime": true,
			"theme": "sap_belize"
		},
		{
			"name": "RangeSlider.less",
			"designtime": true,
			"theme": "sap_belize"
		},
		{
			"name": "RatingIndicator.less",
			"designtime": true,
			"theme": "sap_belize"
		},
		{
			"name": "ResponsivePopover.less",
			"designtime": true,
			"theme": "sap_belize"
		},
		{
			"name": "ScrollContainer.less",
			"designtime": true,
			"theme": "sap_belize"
		},
		{
			"name": "SearchField.less",
			"designtime": true,
			"theme": "sap_belize"
		},
		{
			"name": "SegmentedButton.less",
			"designtime": true,
			"theme": "sap_belize"
		},
		{
			"name": "Select.less",
			"designtime": true,
			"theme": "sap_belize"
		},
		{
			"name": "SelectList.less",
			"designtime": true,
			"theme": "sap_belize"
		},
		{
			"name": "Shell.less",
			"designtime": true,
			"theme": "sap_belize"
		},
		{
			"name": "SlideTile.less",
			"designtime": true,
			"theme": "sap_belize"
		},
		{
			"name": "Slider.less",
			"designtime": true,
			"theme": "sap_belize"
		},
		{
			"name": "SliderTooltip.less",
			"designtime": true,
			"theme": "sap_belize"
		},
		{
			"name": "SplitButton.less",
			"designtime": true,
			"theme": "sap_belize"
		},
		{
			"name": "StandardListItem.less",
			"designtime": true,
			"theme": "sap_belize"
		},
		{
			"name": "StandardTile.less",
			"designtime": true,
			"theme": "sap_belize"
		},
		{
			"name": "Switch.less",
			"designtime": true,
			"theme": "sap_belize"
		},
		{
			"name": "TabStrip.less",
			"designtime": true,
			"theme": "sap_belize"
		},
		{
			"name": "Table.less",
			"designtime": true,
			"theme": "sap_belize"
		},
		{
			"name": "TileContainer.less",
			"designtime": true,
			"theme": "sap_belize"
		},
		{
			"name": "TileContent.less",
			"designtime": true,
			"theme": "sap_belize"
		},
		{
			"name": "TimePicker.less",
			"designtime": true,
			"theme": "sap_belize"
		},
		{
			"name": "TimePickerSliders.less",
			"designtime": true,
			"theme": "sap_belize"
		},
		{
			"name": "Token.less",
			"designtime": true,
			"theme": "sap_belize"
		},
		{
			"name": "Tokenizer.less",
			"designtime": true,
			"theme": "sap_belize"
		},
		{
			"name": "Toolbar.less",
			"designtime": true,
			"theme": "sap_belize"
		},
		{
			"name": "UploadCollection.less",
			"designtime": true,
			"theme": "sap_belize"
		},
		{
			"name": "ValueStateMessage.less",
			"designtime": true,
			"theme": "sap_belize"
		},
		{
			"name": "ViewSettingsDialog.less",
			"designtime": true,
			"theme": "sap_belize"
		},
		{
			"name": "Wizard.less",
			"designtime": true,
			"theme": "sap_belize"
		},
		{
			"name": "WizardProgressNavigator.less",
			"designtime": true,
			"theme": "sap_belize"
		},
		{
			"name": "library-RTL-dbg.css",
			"isDebug": true,
			"theme": "sap_belize"
		},
		{
			"name": "library-RTL.css",
			"theme": "sap_belize"
		},
		{
			"name": "library-dbg.css",
			"isDebug": true,
			"theme": "sap_belize"
		},
		{
			"name": "library-parameters.json",
			"theme": "sap_belize"
		},
		{
			"name": "library.css",
			"theme": "sap_belize"
		},
		{
			"name": "library.less",
			"designtime": true,
			"theme": "sap_belize"
		},
		{
			"name": "library.source.less",
			"designtime": true,
			"theme": "sap_belize"
		},
		{
			"name": "shared.less",
			"designtime": true,
			"theme": "sap_belize"
		}
	]
}