{
	"_version": "1.1.0",
	"resources": [
		{
			"name": ".theming",
			"theme": "sap_belize"
		},
		{
			"name": "AbsoluteLayout.less",
			"designtime": true,
			"theme": "sap_belize"
		},
		{
			"name": "Accordion.less",
			"designtime": true,
			"theme": "sap_belize"
		},
		{
			"name": "AccordionSection.less",
			"designtime": true,
			"theme": "sap_belize"
		},
		{
			"name": "ApplicationHeader.less",
			"designtime": true,
			"theme": "sap_belize"
		},
		{
			"name": "AutoComplete.less",
			"designtime": true,
			"theme": "sap_belize"
		},
		{
			"name": "BorderLayout.less",
			"designtime": true,
			"theme": "sap_belize"
		},
		{
			"name": "Button.less",
			"designtime": true,
			"theme": "sap_belize"
		},
		{
			"name": "Callout.less",
			"designtime": true,
			"theme": "sap_belize"
		},
		{
			"name": "CalloutBase.less",
			"designtime": true,
			"theme": "sap_belize"
		},
		{
			"name": "Carousel.less",
			"designtime": true,
			"theme": "sap_belize"
		},
		{
			"name": "CheckBox.less",
			"designtime": true,
			"theme": "sap_belize"
		},
		{
			"name": "ComboBox.less",
			"designtime": true,
			"theme": "sap_belize"
		},
		{
			"name": "DatePicker.less",
			"designtime": true,
			"theme": "sap_belize"
		},
		{
			"name": "Dialog.less",
			"designtime": true,
			"theme": "sap_belize"
		},
		{
			"name": "DropdownBox.less",
			"designtime": true,
			"theme": "sap_belize"
		},
		{
			"name": "FileUploader.less",
			"designtime": true,
			"theme": "sap_belize"
		},
		{
			"name": "FormattedTextView.less",
			"designtime": true,
			"theme": "sap_belize"
		},
		{
			"name": "HorizontalDivider.less",
			"designtime": true,
			"theme": "sap_belize"
		},
		{
			"name": "Image.less",
			"designtime": true,
			"theme": "sap_belize"
		},
		{
			"name": "InPlaceEdit.less",
			"designtime": true,
			"theme": "sap_belize"
		},
		{
			"name": "Label.less",
			"designtime": true,
			"theme": "sap_belize"
		},
		{
			"name": "Link.less",
			"designtime": true,
			"theme": "sap_belize"
		},
		{
			"name": "ListBox.less",
			"designtime": true,
			"theme": "sap_belize"
		},
		{
			"name": "MenuBar.less",
			"designtime": true,
			"theme": "sap_belize"
		},
		{
			"name": "MenuButton.less",
			"designtime": true,
			"theme": "sap_belize"
		},
		{
			"name": "Message.less",
			"designtime": true,
			"theme": "sap_belize"
		},
		{
			"name": "MessageBar.less",
			"designtime": true,
			"theme": "sap_belize"
		},
		{
			"name": "MessageBox.less",
			"designtime": true,
			"theme": "sap_belize"
		},
		{
			"name": "MessageList.less",
			"designtime": true,
			"theme": "sap_belize"
		},
		{
			"name": "MessageToast.less",
			"designtime": true,
			"theme": "sap_belize"
		},
		{
			"name": "Paginator.less",
			"designtime": true,
			"theme": "sap_belize"
		},
		{
			"name": "Panel.less",
			"designtime": true,
			"theme": "sap_belize"
		},
		{
			"name": "ProgressIndicator.less",
			"designtime": true,
			"theme": "sap_belize"
		},
		{
			"name": "RadioButton.less",
			"designtime": true,
			"theme": "sap_belize"
		},
		{
			"name": "RadioButtonGroup.less",
			"designtime": true,
			"theme": "sap_belize"
		},
		{
			"name": "RatingIndicator.less",
			"designtime": true,
			"theme": "sap_belize"
		},
		{
			"name": "RichTooltip.less",
			"designtime": true,
			"theme": "sap_belize"
		},
		{
			"name": "RoadMap.less",
			"designtime": true,
			"theme": "sap_belize"
		},
		{
			"name": "RowRepeater.less",
			"designtime": true,
			"theme": "sap_belize"
		},
		{
			"name": "SearchField.less",
			"designtime": true,
			"theme": "sap_belize"
		},
		{
			"name": "SegmentedButton.less",
			"designtime": true,
			"theme": "sap_belize"
		},
		{
			"name": "Slider.less",
			"designtime": true,
			"theme": "sap_belize"
		},
		{
			"name": "Splitter.less",
			"designtime": true,
			"theme": "sap_belize"
		},
		{
			"name": "TabStrip.less",
			"designtime": true,
			"theme": "sap_belize"
		},
		{
			"name": "TextArea.less",
			"designtime": true,
			"theme": "sap_belize"
		},
		{
			"name": "TextField.less",
			"designtime": true,
			"theme": "sap_belize"
		},
		{
			"name": "TextView.less",
			"designtime": true,
			"theme": "sap_belize"
		},
		{
			"name": "ToggleButton.less",
			"designtime": true,
			"theme": "sap_belize"
		},
		{
			"name": "Toolbar.less",
			"designtime": true,
			"theme": "sap_belize"
		},
		{
			"name": "Tree.less",
			"designtime": true,
			"theme": "sap_belize"
		},
		{
			"name": "TriStateCheckBox.less",
			"designtime": true,
			"theme": "sap_belize"
		},
		{
			"name": "ValueHelpField.less",
			"designtime": true,
			"theme": "sap_belize"
		},
		{
			"name": "img-RTL/TriStateCheckBox.png",
			"theme": "sap_belize"
		},
		{
			"name": "img-RTL/applicationheader/Header_bg.png",
			"theme": "sap_belize"
		},
		{
			"name": "img-RTL/applicationheader/SAPLogo.png",
			"theme": "sap_belize"
		},
		{
			"name": "img-RTL/arrow_down.png",
			"theme": "sap_belize"
		},
		{
			"name": "img-RTL/arrow_down_hover.png",
			"theme": "sap_belize"
		},
		{
			"name": "img-RTL/arrow_left.png",
			"theme": "sap_belize"
		},
		{
			"name": "img-RTL/arrow_left_hover.png",
			"theme": "sap_belize"
		},
		{
			"name": "img-RTL/arrow_right.png",
			"theme": "sap_belize"
		},
		{
			"name": "img-RTL/arrow_right_hover.png",
			"theme": "sap_belize"
		},
		{
			"name": "img-RTL/arrow_up.png",
			"theme": "sap_belize"
		},
		{
			"name": "img-RTL/arrow_up_hover.png",
			"theme": "sap_belize"
		},
		{
			"name": "img-RTL/button/EmphButton_accept_BG.png",
			"theme": "sap_belize"
		},
		{
			"name": "img-RTL/button/EmphButton_regular_BG.png",
			"theme": "sap_belize"
		},
		{
			"name": "img-RTL/button/EmphButton_reject_BG.png",
			"theme": "sap_belize"
		},
		{
			"name": "img-RTL/checkbox.png",
			"theme": "sap_belize"
		},
		{
			"name": "img-RTL/combobox/ComboBoxArrow_dsbl.png",
			"theme": "sap_belize"
		},
		{
			"name": "img-RTL/combobox/ComboBoxArrow_hover.png",
			"theme": "sap_belize"
		},
		{
			"name": "img-RTL/combobox/ComboBoxArrow_regular.png",
			"theme": "sap_belize"
		},
		{
			"name": "img-RTL/datepicker/Calendar_dsbl.png",
			"theme": "sap_belize"
		},
		{
			"name": "img-RTL/datepicker/Calendar_hover.png",
			"theme": "sap_belize"
		},
		{
			"name": "img-RTL/datepicker/Calendar_regular.png",
			"theme": "sap_belize"
		},
		{
			"name": "img-RTL/dlg-close-act.png",
			"theme": "sap_belize"
		},
		{
			"name": "img-RTL/dlg-close-hov.png",
			"theme": "sap_belize"
		},
		{
			"name": "img-RTL/dlg-close.png",
			"theme": "sap_belize"
		},
		{
			"name": "img-RTL/menu/bar-overflow.png",
			"theme": "sap_belize"
		},
		{
			"name": "img-RTL/menu/menuitem-sub-dis.png",
			"theme": "sap_belize"
		},
		{
			"name": "img-RTL/menu/menuitem-sub-hov.png",
			"theme": "sap_belize"
		},
		{
			"name": "img-RTL/menu/menuitem-sub.png",
			"theme": "sap_belize"
		},
		{
			"name": "img-RTL/menubutton/Menu_Disabled.png",
			"theme": "sap_belize"
		},
		{
			"name": "img-RTL/menubutton/Menu_Hover.png",
			"theme": "sap_belize"
		},
		{
			"name": "img-RTL/menubutton/Menu_Regular.png",
			"theme": "sap_belize"
		},
		{
			"name": "img-RTL/messagebar/toastarrow_Error.gif",
			"theme": "sap_belize"
		},
		{
			"name": "img-RTL/messagebar/toastarrow_Success.gif",
			"theme": "sap_belize"
		},
		{
			"name": "img-RTL/messagebar/toastarrow_Warning.gif",
			"theme": "sap_belize"
		},
		{
			"name": "img-RTL/messagebar/toastarrow_multi.gif",
			"theme": "sap_belize"
		},
		{
			"name": "img-RTL/messagebox/32x32/error.png",
			"theme": "sap_belize"
		},
		{
			"name": "img-RTL/messagebox/32x32/information.png",
			"theme": "sap_belize"
		},
		{
			"name": "img-RTL/messagebox/32x32/question.png",
			"theme": "sap_belize"
		},
		{
			"name": "img-RTL/messagebox/32x32/success.png",
			"theme": "sap_belize"
		},
		{
			"name": "img-RTL/messagebox/32x32/warning.png",
			"theme": "sap_belize"
		},
		{
			"name": "img-RTL/paginator/paginator.png",
			"theme": "sap_belize"
		},
		{
			"name": "img-RTL/panel_container/Maximize.png",
			"theme": "sap_belize"
		},
		{
			"name": "img-RTL/panel_container/Maximize_hover.png",
			"theme": "sap_belize"
		},
		{
			"name": "img-RTL/panel_container/Minimize.png",
			"theme": "sap_belize"
		},
		{
			"name": "img-RTL/panel_container/Minimize_hover.png",
			"theme": "sap_belize"
		},
		{
			"name": "img-RTL/radiobutton.png",
			"theme": "sap_belize"
		},
		{
			"name": "img-RTL/rating/star_hover.png",
			"theme": "sap_belize"
		},
		{
			"name": "img-RTL/rating/star_selected.png",
			"theme": "sap_belize"
		},
		{
			"name": "img-RTL/rating/star_unselected.png",
			"theme": "sap_belize"
		},
		{
			"name": "img-RTL/rating/star_unselected2.png",
			"theme": "sap_belize"
		},
		{
			"name": "img-RTL/roadmap/roundtrip.gif",
			"theme": "sap_belize"
		},
		{
			"name": "img-RTL/roadmap/roundtrip_dsbl.gif",
			"theme": "sap_belize"
		},
		{
			"name": "img-RTL/roadmap/roundtrip_end.gif",
			"theme": "sap_belize"
		},
		{
			"name": "img-RTL/roadmap/roundtrip_end_dsbl.gif",
			"theme": "sap_belize"
		},
		{
			"name": "img-RTL/roadmap/roundtrip_end_hov.gif",
			"theme": "sap_belize"
		},
		{
			"name": "img-RTL/roadmap/roundtrip_hov.gif",
			"theme": "sap_belize"
		},
		{
			"name": "img-RTL/roadmap/roundtrip_start.gif",
			"theme": "sap_belize"
		},
		{
			"name": "img-RTL/roadmap/roundtrip_start_dsbl.gif",
			"theme": "sap_belize"
		},
		{
			"name": "img-RTL/roadmap/roundtrip_start_hov.gif",
			"theme": "sap_belize"
		},
		{
			"name": "img-RTL/search/clear.png",
			"theme": "sap_belize"
		},
		{
			"name": "img-RTL/search/clear_hover.png",
			"theme": "sap_belize"
		},
		{
			"name": "img-RTL/search/search.png",
			"theme": "sap_belize"
		},
		{
			"name": "img-RTL/search/search_dsbl.png",
			"theme": "sap_belize"
		},
		{
			"name": "img-RTL/search/search_hover.png",
			"theme": "sap_belize"
		},
		{
			"name": "img-RTL/search/search_unclickable.png",
			"theme": "sap_belize"
		},
		{
			"name": "img-RTL/splitter/splitter_horiz_grip.gif",
			"theme": "sap_belize"
		},
		{
			"name": "img-RTL/splitter/splitter_vert_grip.gif",
			"theme": "sap_belize"
		},
		{
			"name": "img-RTL/tab-close-sel.png",
			"theme": "sap_belize"
		},
		{
			"name": "img-RTL/tab-close.png",
			"theme": "sap_belize"
		},
		{
			"name": "img-RTL/tree/CollapseAll.png",
			"theme": "sap_belize"
		},
		{
			"name": "img-RTL/tree/CollapseAll_pressed.png",
			"theme": "sap_belize"
		},
		{
			"name": "img-RTL/tree/ExpandAll.png",
			"theme": "sap_belize"
		},
		{
			"name": "img-RTL/tree/ExpandAll_pressed.png",
			"theme": "sap_belize"
		},
		{
			"name": "img-RTL/tree/TreeNode-inverted.gif",
			"theme": "sap_belize"
		},
		{
			"name": "img-RTL/tree/TreeNode-white.gif",
			"theme": "sap_belize"
		},
		{
			"name": "img-RTL/tree/TreeNode.gif",
			"theme": "sap_belize"
		},
		{
			"name": "img-RTL/tree/TreeNode_Coll-inverted.gif",
			"theme": "sap_belize"
		},
		{
			"name": "img-RTL/tree/TreeNode_Coll-white.gif",
			"theme": "sap_belize"
		},
		{
			"name": "img-RTL/tree/TreeNode_Coll.gif",
			"theme": "sap_belize"
		},
		{
			"name": "img-RTL/tree/TreeNode_Exp-inverted.gif",
			"theme": "sap_belize"
		},
		{
			"name": "img-RTL/tree/TreeNode_Exp-white.gif",
			"theme": "sap_belize"
		},
		{
			"name": "img-RTL/tree/TreeNode_Exp.gif",
			"theme": "sap_belize"
		},
		{
			"name": "img-RTL/valuehelpfield/F4-Help_icon_dsbl.png",
			"theme": "sap_belize"
		},
		{
			"name": "img-RTL/valuehelpfield/F4-Help_icon_hover.png",
			"theme": "sap_belize"
		},
		{
			"name": "img-RTL/valuehelpfield/F4-Help_icon_regular.png",
			"theme": "sap_belize"
		},
		{
			"name": "img/applicationheader/Header_bg.png",
			"theme": "sap_belize"
		},
		{
			"name": "img/applicationheader/SAPLogo.png",
			"theme": "sap_belize"
		},
		{
			"name": "img/arrow_down.png",
			"theme": "sap_belize"
		},
		{
			"name": "img/arrow_down_hover.png",
			"theme": "sap_belize"
		},
		{
			"name": "img/arrow_left.png",
			"theme": "sap_belize"
		},
		{
			"name": "img/arrow_left_hover.png",
			"theme": "sap_belize"
		},
		{
			"name": "img/arrow_right.png",
			"theme": "sap_belize"
		},
		{
			"name": "img/arrow_right_hover.png",
			"theme": "sap_belize"
		},
		{
			"name": "img/arrow_up.png",
			"theme": "sap_belize"
		},
		{
			"name": "img/arrow_up_hover.png",
			"theme": "sap_belize"
		},
		{
			"name": "img/button/EmphButton_accept_BG.png",
			"theme": "sap_belize"
		},
		{
			"name": "img/button/EmphButton_regular_BG.png",
			"theme": "sap_belize"
		},
		{
			"name": "img/button/EmphButton_reject_BG.png",
			"theme": "sap_belize"
		},
		{
			"name": "img/checkbox.png",
			"theme": "sap_belize"
		},
		{
			"name": "img/combobox/ComboBoxArrow_dsbl.png",
			"theme": "sap_belize"
		},
		{
			"name": "img/combobox/ComboBoxArrow_hover.png",
			"theme": "sap_belize"
		},
		{
			"name": "img/combobox/ComboBoxArrow_regular.png",
			"theme": "sap_belize"
		},
		{
			"name": "img/datepicker/Calendar_dsbl.png",
			"theme": "sap_belize"
		},
		{
			"name": "img/datepicker/Calendar_hover.png",
			"theme": "sap_belize"
		},
		{
			"name": "img/datepicker/Calendar_regular.png",
			"theme": "sap_belize"
		},
		{
			"name": "img/dlg-close-act.png",
			"theme": "sap_belize"
		},
		{
			"name": "img/dlg-close-hov.png",
			"theme": "sap_belize"
		},
		{
			"name": "img/dlg-close.png",
			"theme": "sap_belize"
		},
		{
			"name": "img/menu/bar-overflow.png",
			"theme": "sap_belize"
		},
		{
			"name": "img/menu/menuitem-sub-dis.png",
			"theme": "sap_belize"
		},
		{
			"name": "img/menu/menuitem-sub-hov.png",
			"theme": "sap_belize"
		},
		{
			"name": "img/menu/menuitem-sub.png",
			"theme": "sap_belize"
		},
		{
			"name": "img/menubutton/Menu_Disabled.png",
			"theme": "sap_belize"
		},
		{
			"name": "img/menubutton/Menu_Hover.png",
			"theme": "sap_belize"
		},
		{
			"name": "img/menubutton/Menu_Regular.png",
			"theme": "sap_belize"
		},
		{
			"name": "img/messagebar/toastarrow_Error.gif",
			"theme": "sap_belize"
		},
		{
			"name": "img/messagebar/toastarrow_Success.gif",
			"theme": "sap_belize"
		},
		{
			"name": "img/messagebar/toastarrow_Warning.gif",
			"theme": "sap_belize"
		},
		{
			"name": "img/messagebar/toastarrow_multi.gif",
			"theme": "sap_belize"
		},
		{
			"name": "img/messagebox/32x32/error.png",
			"theme": "sap_belize"
		},
		{
			"name": "img/messagebox/32x32/information.png",
			"theme": "sap_belize"
		},
		{
			"name": "img/messagebox/32x32/question.png",
			"theme": "sap_belize"
		},
		{
			"name": "img/messagebox/32x32/success.png",
			"theme": "sap_belize"
		},
		{
			"name": "img/messagebox/32x32/warning.png",
			"theme": "sap_belize"
		},
		{
			"name": "img/paginator/paginator.png",
			"theme": "sap_belize"
		},
		{
			"name": "img/panel_container/Maximize.png",
			"theme": "sap_belize"
		},
		{
			"name": "img/panel_container/Maximize_hover.png",
			"theme": "sap_belize"
		},
		{
			"name": "img/panel_container/Minimize.png",
			"theme": "sap_belize"
		},
		{
			"name": "img/panel_container/Minimize_hover.png",
			"theme": "sap_belize"
		},
		{
			"name": "img/radiobutton.png",
			"theme": "sap_belize"
		},
		{
			"name": "img/rating/star_hover.png",
			"theme": "sap_belize"
		},
		{
			"name": "img/rating/star_selected.png",
			"theme": "sap_belize"
		},
		{
			"name": "img/rating/star_unselected.png",
			"theme": "sap_belize"
		},
		{
			"name": "img/rating/star_unselected2.png",
			"theme": "sap_belize"
		},
		{
			"name": "img/roadmap/roundtrip.gif",
			"theme": "sap_belize"
		},
		{
			"name": "img/roadmap/roundtrip_dsbl.gif",
			"theme": "sap_belize"
		},
		{
			"name": "img/roadmap/roundtrip_end.gif",
			"theme": "sap_belize"
		},
		{
			"name": "img/roadmap/roundtrip_end_dsbl.gif",
			"theme": "sap_belize"
		},
		{
			"name": "img/roadmap/roundtrip_end_hov.gif",
			"theme": "sap_belize"
		},
		{
			"name": "img/roadmap/roundtrip_hov.gif",
			"theme": "sap_belize"
		},
		{
			"name": "img/roadmap/roundtrip_start.gif",
			"theme": "sap_belize"
		},
		{
			"name": "img/roadmap/roundtrip_start_dsbl.gif",
			"theme": "sap_belize"
		},
		{
			"name": "img/roadmap/roundtrip_start_hov.gif",
			"theme": "sap_belize"
		},
		{
			"name": "img/search/clear.png",
			"theme": "sap_belize"
		},
		{
			"name": "img/search/clear_hover.png",
			"theme": "sap_belize"
		},
		{
			"name": "img/search/search.png",
			"theme": "sap_belize"
		},
		{
			"name": "img/search/search_dsbl.png",
			"theme": "sap_belize"
		},
		{
			"name": "img/search/search_hover.png",
			"theme": "sap_belize"
		},
		{
			"name": "img/search/search_unclickable.png",
			"theme": "sap_belize"
		},
		{
			"name": "img/splitter/splitter_horiz_grip.gif",
			"theme": "sap_belize"
		},
		{
			"name": "img/splitter/splitter_vert_grip.gif",
			"theme": "sap_belize"
		},
		{
			"name": "img/tab-close-sel.png",
			"theme": "sap_belize"
		},
		{
			"name": "img/tab-close.png",
			"theme": "sap_belize"
		},
		{
			"name": "img/tree/CollapseAll.png",
			"theme": "sap_belize"
		},
		{
			"name": "img/tree/CollapseAll_pressed.png",
			"theme": "sap_belize"
		},
		{
			"name": "img/tree/ExpandAll.png",
			"theme": "sap_belize"
		},
		{
			"name": "img/tree/ExpandAll_pressed.png",
			"theme": "sap_belize"
		},
		{
			"name": "img/tree/TreeNode-inverted.gif",
			"theme": "sap_belize"
		},
		{
			"name": "img/tree/TreeNode-white.gif",
			"theme": "sap_belize"
		},
		{
			"name": "img/tree/TreeNode.gif",
			"theme": "sap_belize"
		},
		{
			"name": "img/tree/TreeNode_Coll-inverted.gif",
			"theme": "sap_belize"
		},
		{
			"name": "img/tree/TreeNode_Coll-white.gif",
			"theme": "sap_belize"
		},
		{
			"name": "img/tree/TreeNode_Coll.gif",
			"theme": "sap_belize"
		},
		{
			"name": "img/tree/TreeNode_Exp-inverted.gif",
			"theme": "sap_belize"
		},
		{
			"name": "img/tree/TreeNode_Exp-white.gif",
			"theme": "sap_belize"
		},
		{
			"name": "img/tree/TreeNode_Exp.gif",
			"theme": "sap_belize"
		},
		{
			"name": "img/valuehelpfield/F4-Help_icon_dsbl.png",
			"theme": "sap_belize"
		},
		{
			"name": "img/valuehelpfield/F4-Help_icon_hover.png",
			"theme": "sap_belize"
		},
		{
			"name": "img/valuehelpfield/F4-Help_icon_regular.png",
			"theme": "sap_belize"
		},
		{
			"name": "layout.less",
			"designtime": true,
			"theme": "sap_belize"
		},
		{
			"name": "library-RTL-dbg.css",
			"isDebug": true,
			"theme": "sap_belize"
		},
		{
			"name": "library-RTL.css",
			"theme": "sap_belize"
		},
		{
			"name": "library-dbg.css",
			"isDebug": true,
			"theme": "sap_belize"
		},
		{
			"name": "library-parameters.json",
			"theme": "sap_belize"
		},
		{
			"name": "library.css",
			"theme": "sap_belize"
		},
		{
			"name": "library.less",
			"designtime": true,
			"theme": "sap_belize"
		},
		{
			"name": "library.source.less",
			"designtime": true,
			"theme": "sap_belize"
		}
	]
}