{
	"_version": "1.1.0",
	"resources": [
		{
			"name": ".theming",
			"theme": "sap_belize"
		},
		{
			"name": "AnchorBar.less",
			"designtime": true,
			"theme": "sap_belize"
		},
		{
			"name": "HierarchicalSelect.less",
			"designtime": true,
			"theme": "sap_belize"
		},
		{
			"name": "IconTabBar.less",
			"designtime": true,
			"theme": "sap_belize"
		},
		{
			"name": "ObjectPageHeader.less",
			"designtime": true,
			"theme": "sap_belize"
		},
		{
			"name": "ObjectPageHeaderContent.less",
			"designtime": true,
			"theme": "sap_belize"
		},
		{
			"name": "ObjectPageLayout.less",
			"designtime": true,
			"theme": "sap_belize"
		},
		{
			"name": "ObjectPageSection.less",
			"designtime": true,
			"theme": "sap_belize"
		},
		{
			"name": "ObjectPageSubSection.less",
			"designtime": true,
			"theme": "sap_belize"
		},
		{
			"name": "library-RTL-dbg.css",
			"isDebug": true,
			"theme": "sap_belize"
		},
		{
			"name": "library-RTL.css",
			"theme": "sap_belize"
		},
		{
			"name": "library-dbg.css",
			"isDebug": true,
			"theme": "sap_belize"
		},
		{
			"name": "library-parameters.json",
			"theme": "sap_belize"
		},
		{
			"name": "library.css",
			"theme": "sap_belize"
		},
		{
			"name": "library.less",
			"designtime": true,
			"theme": "sap_belize"
		},
		{
			"name": "library.source.less",
			"designtime": true,
			"theme": "sap_belize"
		}
	]
}