<core:FragmentDefinition xmlns="sap.m"
	xmlns:core="sap.ui.core">
	<Page id="pageId" title="Page Title" floatingFooter="true">
		<headerContent>
			<Button icon="sap-icon://action" tooltip="Share" />
		</headerContent>
		<content>
			<VBox>
				<Text text="Lorem ipsum dolor st amet magna aliquyam erat, sed diam voluptuaum. 
					Stet clita kasd gubergren, no sea takimata sanctus est Lorem ipsum dolor sit amet. 
					Lorem ipsum dolor sit amet, consetetur sadipscing elitr, sed diam nonumy eirmod tempor 
					invidunt ut labore et dolore magna aliquyam erat, sed diam voluptua. Lorem ipsum dolor sit amet." />
			</VBox>
		</content>
		<footer>
			<OverflowToolbar>
				<ToolbarSpacer/>
				<Button type="Accept" text="Accept"/>
			</OverflowToolbar>
		</footer>
	</Page>
</core:FragmentDefinition>