{
	"_version": "1.1.0",
	"resources": [
		{
			"name": ".theme",
			"theme": "sap_belize_plus"
		},
		{
			"name": ".theming",
			"theme": "sap_belize_plus"
		},
		{
			"name": "base.less",
			"designtime": true,
			"theme": "sap_belize_plus"
		},
		{
			"name": "fonts/72-Bold.woff",
			"theme": "sap_belize_plus"
		},
		{
			"name": "fonts/72-Bold.woff2",
			"theme": "sap_belize_plus"
		},
		{
			"name": "fonts/72-Regular.woff",
			"theme": "sap_belize_plus"
		},
		{
			"name": "fonts/72-Regular.woff2",
			"theme": "sap_belize_plus"
		},
		{
			"name": "global.less",
			"designtime": true,
			"theme": "sap_belize_plus"
		},
		{
			"name": "library-RTL-dbg.css",
			"isDebug": true,
			"theme": "sap_belize_plus"
		},
		{
			"name": "library-RTL.css",
			"theme": "sap_belize_plus"
		},
		{
			"name": "library-dbg.css",
			"isDebug": true,
			"theme": "sap_belize_plus"
		},
		{
			"name": "library-parameters.json",
			"theme": "sap_belize_plus"
		},
		{
			"name": "library.css",
			"theme": "sap_belize_plus"
		},
		{
			"name": "library.less",
			"designtime": true,
			"theme": "sap_belize_plus"
		},
		{
			"name": "library.source.less",
			"designtime": true,
			"theme": "sap_belize_plus"
		},
		{
			"name": "shared.less",
			"designtime": true,
			"theme": "sap_belize_plus"
		}
	]
}