{"default":{"_sap_ui_table_RowBorderWidth":"1px","_sap_ui_table_FocusOutlineWidth":"1px","_sap_ui_table_RowHdrWidth":"2rem","_sap_ui_table_RowHdrWidthCozy":"3rem","_sap_ui_table_RowHdrWidthCondensed":"2rem","_sap_ui_table_RowHeight":"calc(2rem +  1px)","_sap_ui_table_RowHeightCozy":"calc(3rem +  1px)","_sap_ui_table_RowHeightCondensed":"calc(1.5rem +  1px)","_sap_ui_table_Table_ToolbarDesign":"Transparent","_sap_ui_table_Table_FocusOutlineOffset":"-1px","_sap_ui_table_Table_ColHdrHeight":"2rem","_sap_ui_table_Table_ColHdrHeightCozy":"3rem","_sap_ui_table_Table_RowHighlightWidth":"6px","_sap_ui_table_Scrolling_DefaultScrollbarSize":"16px","_sap_ui_table_Scrolling_ScrollbarSizeIE":"18px","_sap_ui_table_Scrolling_ScrollbarSizeEDGE":"12px","_sap_ui_table_Scrolling_ScrollbarSizeMOBILE":"8px","_sap_ui_table_Scrolling_ScrollbarBg":"#f7f7f7","_sap_ui_table_DragDrop_ColumnDnDHighlightColor":"#427cac","_sap_ui_table_DragDrop_ReorderIndicatorWidth":"2px","_sap_ui_table_Grouping_GroupIconHeightDefault":"32px","_sap_ui_table_Grouping_GroupIconHeightCondensed":"24px","_sap_ui_table_Grouping_GroupIconHeightCozy":"48px","_sap_ui_table_Grouping_GroupHeaderBackground":"#f2f2f2","_sap_ui_table_Grouping_GroupOutlineWidth":"1px","_sap_ui_table_Grouping_GroupIconBorderWidth":"1px","_sap_ui_table_Grouping_GroupIconFontSize":"0.875rem","_sap_ui_table_RowAction_Size":"1.625rem","_sap_ui_table_RowAction_SizeCozy":"2.5rem","_sap_ui_table_RowAction_SizeCondensed":"1.375rem"},"scopes":{"sapContrastPlus":{"_sap_ui_table_Scrolling_ScrollbarBg":"#3c4d5c","_sap_ui_table_Grouping_GroupHeaderBackground":"#3b4c5b"}}}