{"default":{"_sap_ui_unified_ColorPicker_CircleSize":"8px","_sap_ui_unified_Menu_ItmHeight":"2rem","_sap_ui_unified_Menu_ItmPadding":"0.5rem","_sap_ui_unified_Menu_ItmHeightCozy":"3rem","_sap_ui_unified_Menu_ItmPaddingCozy":"1rem","_sap_ui_unified_ShellHeader_CenterAnimDuration":"200ms","_sap_ui_unified_ShellHeader_CenterAnimDelay":"30ms","_sap_ui_unified_ShellHeader_ButtonOuterSpace":"4px","_sap_ui_unified_ShellHeader_ButtonInnerSpace":"9px","_sap_ui_unified_ShellHeader_ButtonOutlineWidth":"1px","_sap_ui_unified_ShellHeader_ButtonSeparatorWidth":"1px","_sap_ui_unified_ShellHeader_ButtonBorderRadius":"2px","_sap_ui_unified_ShellHeader_BrandHeight":"4px","_sap_ui_unified_ShellHeader_HeaderBarHeight":"44px","_sap_ui_unified_ShellHeader_ButtonHeight":"36px","_sap_ui_unified_ShellHeader_AnimDuration":"500ms","_sap_ui_unified_ShellLayout_BrandHeight":"4px","_sap_ui_unified_ShellLayout_HeaderBarHeight":"44px","_sap_ui_unified_ShellLayout_HeadHeight":"48px","_sap_ui_unified_ShellLayout_AnimDuration":"500ms","_sap_ui_unified_ShellOverlay_AnimDuration":"525ms","_sap_ui_unified_ShellOverlay_CntntOpenAnimDuration":"350ms","_sap_ui_unified_ShellOverlay_CntntOpenAnimDelay":"75ms","_sap_ui_unified_ShellOverlay_CntntCloseAnimDuration":"350ms","_sap_ui_unified_ShellOverlay_CntntInnerOpenAnimDuration":"175ms","_sap_ui_unified_ShellOverlay_CntntInnerOpenAnimDelay":"308.33333333333337ms","_sap_ui_unified_ShellOverlay_CntntInnerCloseAnimDuration":"175ms","_sap_ui_unified_ShellOverlay_CntntInnerCloseAnimDelay":"0","_sap_ui_unified_ShellOverlay_CntntCloseAnimDelay":"175ms","_sap_ui_unified_ShellOverlay_SearchOpenAnimDuration":"525ms","_sap_ui_unified_ShellOverlay_SearchCloseAnimDuration":"525ms","_sap_ui_unified_ShellOverlay_BlockLayerAnimDuration":"210ms","_sap_ui_unified_ShellOverlay_OpenAnimOverAll":"483.33333333333337ms","_sap_ui_unified_ShellOverlay_CloseAnimOverAll":"525ms","_sap_ui_unified_ShellOverlay_HeaderBarHeight":"44px","_sap_ui_unified_ShellOverlay_BrandHeight":"4px","_sap_ui_unified_ShellOverlay_HeadHeight":"48px","_sap_ui_unified_SplitContainer_AnimationDuration":"500ms","_sap_ui_unified_Calendar_ItemColor":"#f2f2f2","_sap_ui_unified_Calendar_ItemHoverColor":"#d9d9d9","_sap_ui_unified_Calendar_ItemBorderColor":"#ffffff","_sap_ui_unified_Calendar_ItemWeekEndColor":"#e5e5e5","_sap_ui_unified_Calendar_ItemWeekEndHoverColor":"#cccccc","_sap_ui_unified_Calendar_ItemOtherMonthColor":"#808080","_sap_ui_unified_Calendar_ItemSelBetweenColor":"#d9e6f0","_sap_ui_unified_Calendar_ItemSelBetweenHoverColor":"#bbd2e5","_sap_ui_unified_Calendar_sapUiCalItemType01":"#ad7900","_sap_ui_unified_Calendar_sapUiCalItemType02":"#dc5c0c","_sap_ui_unified_Calendar_sapUiCalItemType03":"#c14646","_sap_ui_unified_Calendar_sapUiCalItemType04":"#853808","_sap_ui_unified_Calendar_sapUiCalItemType05":"#da3fb9","_sap_ui_unified_Calendar_sapUiCalItemType06":"#008bc7","_sap_ui_unified_Calendar_sapUiCalItemType07":"#198f8f","_sap_ui_unified_Calendar_sapUiCalItemType08":"#6e8c1f","_sap_ui_unified_Calendar_sapUiCalItemType09":"#648796","_sap_ui_unified_Calendar_sapUiCalItemType10":"#80196a","_sap_ui_unified_Calendar_sapUiCalItemType11":"#6f5925","_sap_ui_unified_Calendar_sapUiCalItemType12":"#b64600","_sap_ui_unified_Calendar_sapUiCalItemType13":"#d61818","_sap_ui_unified_Calendar_sapUiCalItemType14":"#976c52","_sap_ui_unified_Calendar_sapUiCalItemType15":"#73596d","_sap_ui_unified_Calendar_sapUiCalItemType16":"#5d759e","_sap_ui_unified_Calendar_sapUiCalItemType17":"#466c6c","_sap_ui_unified_Calendar_sapUiCalItemType18":"#626b4a","_sap_ui_unified_Calendar_sapUiCalItemType19":"#284d5d","_sap_ui_unified_Calendar_sapUiCalItemType20":"#1851b0","_sap_ui_unified_CalendarLegend_sapUiCalLegDayType01":"#ad7900","_sap_ui_unified_CalendarLegend_sapUiCalLegDayType02":"#dc5c0c","_sap_ui_unified_CalendarLegend_sapUiCalLegDayType03":"#c14646","_sap_ui_unified_CalendarLegend_sapUiCalLegDayType04":"#853808","_sap_ui_unified_CalendarLegend_sapUiCalLegDayType05":"#da3fb9","_sap_ui_unified_CalendarLegend_sapUiCalLegDayType06":"#008bc7","_sap_ui_unified_CalendarLegend_sapUiCalLegDayType07":"#198f8f","_sap_ui_unified_CalendarLegend_sapUiCalLegDayType08":"#6e8c1f","_sap_ui_unified_CalendarLegend_sapUiCalLegDayType09":"#648796","_sap_ui_unified_CalendarLegend_sapUiCalLegDayType10":"#80196a","_sap_ui_unified_CalendarLegend_sapUiCalLegDayType11":"#6f5925","_sap_ui_unified_CalendarLegend_sapUiCalLegDayType12":"#b64600","_sap_ui_unified_CalendarLegend_sapUiCalLegDayType13":"#d61818","_sap_ui_unified_CalendarLegend_sapUiCalLegDayType14":"#976c52","_sap_ui_unified_CalendarLegend_sapUiCalLegDayType15":"#73596d","_sap_ui_unified_CalendarLegend_sapUiCalLegDayType16":"#5d759e","_sap_ui_unified_CalendarLegend_sapUiCalLegDayType17":"#466c6c","_sap_ui_unified_CalendarLegend_sapUiCalLegDayType18":"#626b4a","_sap_ui_unified_CalendarLegend_sapUiCalLegDayType19":"#284d5d","_sap_ui_unified_CalendarLegend_sapUiCalLegDayType20":"#1851b0","_sap_ui_unified_CalendarRow_sapUiCalendarAppType01":"#ad7900","_sap_ui_unified_CalendarRow_sapUiCalendarAppType02":"#dc5c0c","_sap_ui_unified_CalendarRow_sapUiCalendarAppType03":"#c14646","_sap_ui_unified_CalendarRow_sapUiCalendarAppType04":"#853808","_sap_ui_unified_CalendarRow_sapUiCalendarAppType05":"#da3fb9","_sap_ui_unified_CalendarRow_sapUiCalendarAppType06":"#008bc7","_sap_ui_unified_CalendarRow_sapUiCalendarAppType07":"#198f8f","_sap_ui_unified_CalendarRow_sapUiCalendarAppType08":"#6e8c1f","_sap_ui_unified_CalendarRow_sapUiCalendarAppType09":"#648796","_sap_ui_unified_CalendarRow_sapUiCalendarAppType10":"#80196a","_sap_ui_unified_CalendarRow_sapUiCalendarAppType11":"#6f5925","_sap_ui_unified_CalendarRow_sapUiCalendarAppType12":"#b64600","_sap_ui_unified_CalendarRow_sapUiCalendarAppType13":"#d61818","_sap_ui_unified_CalendarRow_sapUiCalendarAppType14":"#976c52","_sap_ui_unified_CalendarRow_sapUiCalendarAppType15":"#73596d","_sap_ui_unified_CalendarRow_sapUiCalendarAppType16":"#5d759e","_sap_ui_unified_CalendarRow_sapUiCalendarAppType17":"#466c6c","_sap_ui_unified_CalendarRow_sapUiCalendarAppType18":"#626b4a","_sap_ui_unified_CalendarRow_sapUiCalendarAppType19":"#284d5d","_sap_ui_unified_CalendarRow_sapUiCalendarAppType20":"#1851b0","_sap_ui_unified_CalendarRow_sapUiCalendarRowAppsIntHeadType01":"#fff6e0","_sap_ui_unified_CalendarRow_sapUiCalendarRowAppsIntHeadType02":"#feeee5","_sap_ui_unified_CalendarRow_sapUiCalendarRowAppsIntHeadType03":"#f7e6e6","_sap_ui_unified_CalendarRow_sapUiCalendarRowAppsIntHeadType04":"#f9efe9","_sap_ui_unified_CalendarRow_sapUiCalendarRowAppsIntHeadType05":"#fdf2fa","_sap_ui_unified_CalendarRow_sapUiCalendarRowAppsIntHeadType06":"#f0f7fa","_sap_ui_unified_CalendarRow_sapUiCalendarRowAppsIntHeadType07":"#f2fdfd","_sap_ui_unified_CalendarRow_sapUiCalendarRowAppsIntHeadType08":"#f3f9e4","_sap_ui_unified_CalendarRow_sapUiCalendarRowAppsIntHeadType09":"#f5fcff","_sap_ui_unified_CalendarRow_sapUiCalendarRowAppsIntHeadType10":"#f7edf5","_sap_ui_unified_CalendarRow_sapUiCalendarRowAppsIntHeadType11":"#ffeec6","_sap_ui_unified_CalendarRow_sapUiCalendarRowAppsIntHeadType12":"#fbdfce","_sap_ui_unified_CalendarRow_sapUiCalendarRowAppsIntHeadType13":"#ffdcdc","_sap_ui_unified_CalendarRow_sapUiCalendarRowAppsIntHeadType14":"#f2e2d8","_sap_ui_unified_CalendarRow_sapUiCalendarRowAppsIntHeadType15":"#f0e5ee","_sap_ui_unified_CalendarRow_sapUiCalendarRowAppsIntHeadType16":"#e7e8ea","_sap_ui_unified_CalendarRow_sapUiCalendarRowAppsIntHeadType17":"#d7eaea","_sap_ui_unified_CalendarRow_sapUiCalendarRowAppsIntHeadType18":"#e6edd1","_sap_ui_unified_CalendarRow_sapUiCalendarRowAppsIntHeadType19":"#cfebf7","_sap_ui_unified_CalendarRow_sapUiCalendarRowAppsIntHeadType20":"#ffffff","_sap_ui_unified_ShellLayout_CurtainBGStartColor":"rgba(255, 255, 255, 0.97)","_sap_ui_unified_ShellLayout_CurtainBGEndColor":"rgba(255, 255, 255, 0.97)"},"scopes":{"sapContrast":{"_sap_ui_unified_Calendar_ItemColor":"#4d6377","_sap_ui_unified_Calendar_ItemHoverColor":"#415464","_sap_ui_unified_Calendar_ItemBorderColor":"#3f5161","_sap_ui_unified_Calendar_ItemWeekEndColor":"#45596a","_sap_ui_unified_Calendar_ItemWeekEndHoverColor":"#3d4e5e","_sap_ui_unified_Calendar_ItemOtherMonthColor":"#aeaeae","_sap_ui_unified_Calendar_ItemSelBetweenColor":"#0c5795","_sap_ui_unified_Calendar_ItemSelBetweenHoverColor":"#0e65ad","_sap_ui_unified_Calendar_sapUiCalItemType01":"#ffb914","_sap_ui_unified_Calendar_sapUiCalItemType02":"#f58c4b","_sap_ui_unified_Calendar_sapUiCalItemType03":"#d88b8b","_sap_ui_unified_Calendar_sapUiCalItemType04":"#bd8969","_sap_ui_unified_Calendar_sapUiCalItemType05":"#de54c1","_sap_ui_unified_Calendar_sapUiCalItemType06":"#00a4eb","_sap_ui_unified_Calendar_sapUiCalItemType07":"#21c4c4","_sap_ui_unified_Calendar_sapUiCalItemType08":"#afd645","_sap_ui_unified_Calendar_sapUiCalItemType09":"#38c3ff","_sap_ui_unified_Calendar_sapUiCalItemType10":"#b47ea9","_sap_ui_unified_Calendar_sapUiCalItemType11":"#d1b575","_sap_ui_unified_Calendar_sapUiCalItemType12":"#ffb98d","_sap_ui_unified_Calendar_sapUiCalItemType13":"#ffa1a1","_sap_ui_unified_Calendar_sapUiCalItemType14":"#dcc1b0","_sap_ui_unified_Calendar_sapUiCalItemType15":"#b8adb6","_sap_ui_unified_Calendar_sapUiCalItemType16":"#c1c8d3","_sap_ui_unified_Calendar_sapUiCalItemType17":"#a2c2c2","_sap_ui_unified_Calendar_sapUiCalItemType18":"#aabc78","_sap_ui_unified_Calendar_sapUiCalItemType19":"#6aafcd","_sap_ui_unified_Calendar_sapUiCalItemType20":"#a2c0f2","_sap_ui_unified_CalendarLegend_sapUiCalLegDayType01":"#ffb914","_sap_ui_unified_CalendarLegend_sapUiCalLegDayType02":"#f58c4b","_sap_ui_unified_CalendarLegend_sapUiCalLegDayType03":"#d88b8b","_sap_ui_unified_CalendarLegend_sapUiCalLegDayType04":"#bd8969","_sap_ui_unified_CalendarLegend_sapUiCalLegDayType05":"#de54c1","_sap_ui_unified_CalendarLegend_sapUiCalLegDayType06":"#00a4eb","_sap_ui_unified_CalendarLegend_sapUiCalLegDayType07":"#21c4c4","_sap_ui_unified_CalendarLegend_sapUiCalLegDayType08":"#afd645","_sap_ui_unified_CalendarLegend_sapUiCalLegDayType09":"#38c3ff","_sap_ui_unified_CalendarLegend_sapUiCalLegDayType10":"#b47ea9","_sap_ui_unified_CalendarLegend_sapUiCalLegDayType11":"#d1b575","_sap_ui_unified_CalendarLegend_sapUiCalLegDayType12":"#ffb98d","_sap_ui_unified_CalendarLegend_sapUiCalLegDayType13":"#ffa1a1","_sap_ui_unified_CalendarLegend_sapUiCalLegDayType14":"#d5b39e","_sap_ui_unified_CalendarLegend_sapUiCalLegDayType15":"#b8adb6","_sap_ui_unified_CalendarLegend_sapUiCalLegDayType16":"#c1c8d3","_sap_ui_unified_CalendarLegend_sapUiCalLegDayType17":"#a2c2c2","_sap_ui_unified_CalendarLegend_sapUiCalLegDayType18":"#aabc78","_sap_ui_unified_CalendarLegend_sapUiCalLegDayType19":"#6aafcd","_sap_ui_unified_CalendarLegend_sapUiCalLegDayType20":"#a2c0f2","_sap_ui_unified_CalendarRow_sapUiCalendarAppType01":"#ffb914","_sap_ui_unified_CalendarRow_sapUiCalendarAppType02":"#f58c4b","_sap_ui_unified_CalendarRow_sapUiCalendarAppType03":"#d88b8b","_sap_ui_unified_CalendarRow_sapUiCalendarAppType04":"#bd8969","_sap_ui_unified_CalendarRow_sapUiCalendarAppType05":"#de54c1","_sap_ui_unified_CalendarRow_sapUiCalendarAppType06":"#00a4eb","_sap_ui_unified_CalendarRow_sapUiCalendarAppType07":"#21c4c4","_sap_ui_unified_CalendarRow_sapUiCalendarAppType08":"#afd645","_sap_ui_unified_CalendarRow_sapUiCalendarAppType09":"#38c3ff","_sap_ui_unified_CalendarRow_sapUiCalendarAppType10":"#b47ea9","_sap_ui_unified_CalendarRow_sapUiCalendarAppType11":"#d1b575","_sap_ui_unified_CalendarRow_sapUiCalendarAppType12":"#ffb98d","_sap_ui_unified_CalendarRow_sapUiCalendarAppType13":"#ffa1a1","_sap_ui_unified_CalendarRow_sapUiCalendarAppType14":"#dcc1b0","_sap_ui_unified_CalendarRow_sapUiCalendarAppType15":"#b8adb6","_sap_ui_unified_CalendarRow_sapUiCalendarAppType16":"#c1c8d3","_sap_ui_unified_CalendarRow_sapUiCalendarAppType17":"#a2c2c2","_sap_ui_unified_CalendarRow_sapUiCalendarAppType18":"#aabc78","_sap_ui_unified_CalendarRow_sapUiCalendarAppType19":"#6aafcd","_sap_ui_unified_CalendarRow_sapUiCalendarAppType20":"#a2c0f2","_sap_ui_unified_CalendarRow_sapUiCalendarRowAppsIntHeadType01":"#473200","_sap_ui_unified_CalendarRow_sapUiCalendarRowAppsIntHeadType02":"#552405","_sap_ui_unified_CalendarRow_sapUiCalendarRowAppsIntHeadType03":"#521c1c","_sap_ui_unified_CalendarRow_sapUiCalendarRowAppsIntHeadType04":"#56331d","_sap_ui_unified_CalendarRow_sapUiCalendarRowAppsIntHeadType05":"#400c35","_sap_ui_unified_CalendarRow_sapUiCalendarRowAppsIntHeadType06":"#1b4050","_sap_ui_unified_CalendarRow_sapUiCalendarRowAppsIntHeadType07":"#0b4141","_sap_ui_unified_CalendarRow_sapUiCalendarRowAppsIntHeadType08":"#29340c","_sap_ui_unified_CalendarRow_sapUiCalendarRowAppsIntHeadType09":"#00405c","_sap_ui_unified_CalendarRow_sapUiCalendarRowAppsIntHeadType10":"#3c2a38","_sap_ui_unified_CalendarRow_sapUiCalendarRowAppsIntHeadType11":"#684e12","_sap_ui_unified_CalendarRow_sapUiCalendarRowAppsIntHeadType12":"#853808","_sap_ui_unified_CalendarRow_sapUiCalendarRowAppsIntHeadType13":"#704b4b","_sap_ui_unified_CalendarRow_sapUiCalendarRowAppsIntHeadType14":"#88502e","_sap_ui_unified_CalendarRow_sapUiCalendarRowAppsIntHeadType15":"#724168","_sap_ui_unified_CalendarRow_sapUiCalendarRowAppsIntHeadType16":"#546074","_sap_ui_unified_CalendarRow_sapUiCalendarRowAppsIntHeadType17":"#2c6868","_sap_ui_unified_CalendarRow_sapUiCalendarRowAppsIntHeadType18":"#576432","_sap_ui_unified_CalendarRow_sapUiCalendarRowAppsIntHeadType19":"#36677d","_sap_ui_unified_CalendarRow_sapUiCalendarRowAppsIntHeadType20":"#003895","_sap_ui_unified_ShellLayout_CurtainBGStartColor":"rgba(63, 81, 97, 0.97)"}}}